{"Canada": 0.7463875242199829, "Democratic Republic Congo": 0.0, "Sao Tome and Principe": 0.0, "Turkmenistan": 0.0, "Saint Helena": 0.0, "Lithuania": 0.4638943719570541, "Cambodia": 0.03624798372650666, "Ethiopia": 0.2044113546964425, "Aruba": 0.0, "Swaziland": 0.0, "Palestine": 0.2158582131717996, "Argentina": 1.9753466769580807, "Bolivia": 0.0387147949293942, "Cameroon": 0.9618378920508945, "Burkina Faso": 0.08433385333565092, "Ghana": 0.21844835400909826, "Saudi Arabia": 0.6619782776590274, "American Samoa": 0.0, "United States Minor Outlying Islands": 0.0, "Cocos (Keeling) Islands": 0.0, "Slovenia": 0.6391291683410281, "Guatemala": 0.04382241504508084, "Bosnia and Herzegovina": 0.42412666129028975, "Guinea": 0.0, "Vatican City State": 0.0, "Germany": 0.6977441972007903, "Spain": 0.7197542955177956, "Liberia": 0.0, "Netherlands": 0.4853906925184804, "Paraguay": 0.04119697043455369, "Pakistan": 0.41599148283962806, "Oman": 0.2752200665481353, "Tanzania": 0.07351482969829891, "Martinique": 0.0, "Greenland": 0.00705489983429008, "Gabon": 0.07263468916647105, "Niue": 0.0, "Monaco": 0.02763460145486151, "Bahamas": 0.0, "Wallis and Futuna": 0.0, "New Zealand": 0.6788536156711005, "Yemen": 0.18776011588027586, "Jamaica": 0.4542482722169291, "Albania": 0.07807258033401433, "Samoa": 0.0, "British Indian Ocean Territory": 0.0, "Equatorial Guinea": 0.0, "Norfolk Island": 0.0, "United Arab Emirates": 0.6503914387589608, "Guam": 0.0, "India": 1.3638367872314585, "Azerbaijan": 0.033627647553506175, "Madagascar": 0.27727624333322043, "Lesotho": 0.19416311283067914, "Saint Vincent and the Grenadines": 0.0, "Kenya": 0.06846041618031115, "South Korea": 0.9988323617317422, "Macao": 0.21883455109919278, "Turkey": 1.155096230255315, "Afghanistan": 0.0, "Virgin Islands (British)": 0.0, "Northern Mariana Islands": 0.0, "Mauritania": 0.0, "Solomon Islands": 0.0, "Turks and Caicos Islands": 0.0, "Saint Lucia": 0.0, "San Marino": 0.0, "Kyrgyzstan": 0.0051927344129135125, "Mongolia": 0.15920683048504883, "France": 0.6410396737096412, "Syrian Arab Republic": 0.055571821740985815, "Rwanda": 0.0, "Slovakia": 0.8791711133920938, "Somalia": 0.0, "Peru": 0.10373162170671348, "Laos": 0.0, "Nauru": 0.0, "Norway": 0.5032205347968753, "Malawi": 0.008777027506103813, "Cook Islands": 0.0, "Benin": 0.09632153144899484, "Federated States of Micronesia": 0.0, "Western Sahara": 0.0, "Singapore": 0.4979448656059734, "Montenegro": 0.27873076441636163, "Saint Kitts and Nevis": 0.054774730964498954, "Togo": 0.24723748110826171, "China": 2.7534105392732515, "Armenia": 1.0591846731981278, "Timor-Leste": 0.0, "Dominican Republic": 0.0, "Ukraine": 1.6127679700101683, "Bahrain": 0.129832670106824, "Tonga": 0.0, "Finland": 0.6314728533012157, "Libya": 0.5852102807022235, "Indonesia": 0.3298288694169206, "Central African Republic": 0.0, "United States": 1.0263186187176807, "Tajikistan": 0.2566523905233115, "Sweden": 0.7945175839987527, "Vietnam": 0.06512612576210548, "Mali": 0.02088751915390842, "Russia": 1.7235541784544008, "Bulgaria": 0.7242421112240343, "Mauritius": 0.4535528963779145, "Romania": 0.4411191428850497, "Angola": 0.0, "Portugal": 1.0461248560859222, "South Africa": 0.41616844858964247, "Tokelau": 0.0, "Fiji": 0.07594815637934728, "Christmas Island": 0.0, "South Georgia and the South Sandwich Islands": 0.0, "Brunei Darussalam": 0.03589832471949855, "Malaysia": 0.9462829672405783, "Senegal": 0.010760106418057051, "Mozambique": 0.020809653285673906, "Uganda": 0.047124551203545695, "Hungary": 1.6381272811264311, "Niger": 0.05652850120386861, "Brazil": 2.015470641069193, "Virgin Islands (U.S.)": 0.0, "Faroe Islands": 0.23066898735049693, "Kuwait": 1.228507822796277, "Panama": 0.15998086574073359, "Guyana": 0.0, "Costa Rica": 0.28092526576910964, "Luxembourg": 0.2740854128030276, "Cape Verde": 0.0, "Andorra": 0.0, "Gibraltar": 0.0, "Ivory Coast": 0.04189260408166623, "Palau": 0.0, "Nigeria": 1.4378573945044497, "Ecuador": 0.048400933864790545, "Czech Republic": 0.9433922983545558, "Australia": 0.5124198025908998, "Iran": 1.2160285387597405, "Algeria": 1.0095144842002106, "El Salvador": 0.0, "Tuvalu": 0.0, "Saint Pierre and Miquelon": 0.0, "Marshall Islands": 0.0, "Chile": 0.9947147143798912, "Puerto Rico": 0.6018787786444251, "Belgium": 0.4905927055316632, "Thailand": 0.6697906110949505, "Haiti": 0.0, "Belize": 0.03721459662588017, "Hong Kong": 0.23325004976247354, "Sierra Leone": 0.0, "Georgia": 3.7778814202097126, "Denmark": 0.6473023249176683, "Poland": 0.9498460181713146, "Moldova": 0.06807548163270762, "French Guiana": 0.06870387069393262, "Morocco": 0.2608756732936994, "Namibia": 0.0, "French Polynesia": 0.09666128993735108, "Guinea-Bissau": 0.0, "Kiribati": 0.0, "Switzerland": 0.5227652539113457, "Grenada": 0.0, "Bangladesh": 0.3895099319621383, "Seychelles": 0.0, "Chad": 0.0, "Estonia": 0.8273227057551608, "Uruguay": 1.1797926699268446, "Bouvet Island": 0.0, "Lebanon": 0.40405771658081047, "Uzbekistan": 0.2850479741556779, "Tunisia": 0.7082593065589068, "Falkland Islands (Malvinas)": 0.0, "Bermuda": 0.0, "Antigua and Barbuda": 0.0, "Dominica": 0.0, "Colombia": 0.16334140116851903, "Reunion": 0.1876366216430933, "Burundi": 0.0, "Taiwan": 1.2441718763916834, "Cyprus": 0.08372894803855417, "Barbados": 0.0, "Qatar": 0.0433803911459722, "Italy": 0.6505988152007166, "Bhutan": 0.0, "Sudan": 0.16785038412869782, "Liechtenstein": 0.0, "Nepal": 0.09893271179341569, "Malta": 0.04682115127651792, "Maldives": 0.0, "Suriname": 0.0, "Cayman Islands": 0.36604521271357543, "Vanuatu ": 0.0, "Anguilla": 0.0, "Venezuela": 0.6362505300561706, "Netherlands Antilles": 0.0, "Israel": 1.0561816010828422, "Iceland": 0.07867815811448575, "Zambia": 0.0, "Austria": 0.39012639079868255, "Papua New Guinea": 0.04012756025953532, "Zimbabwe": 0.15372303965723053, "Jordan": 0.7227098254389701, "Gambia": 0.0, "Kazakhstan": 0.26406764671657484, "Philippines": 0.0718074757776776, "Djibouti": 0.0, "Eritrea": 0.0544603853061661, "Ireland": 0.6846192218460039, "Mayotte": 0.0, "Iraq": 0.27063947741364724, "Montserrat": 0.0, "New Caledonia": 0.08119548354737491, "Macedonia": 0.21629114353124418, "North Korea": 0.14313306394569295, "Trinidad and Tobago": 0.37312788173705713, "Latvia": 0.9308052944181582, "Japan": 1.8806307172708894, "Belarus": 1.3109607806859933, "Guadeloupe": 0.0, "Honduras": 0.0, "Myanmar": 0.06272123026833737, "Mexico": 1.0733987648894798, "Egypt": 1.6997903162709942, "Nicaragua": 0.008574791849281145, "Cuba": 0.4458621209999543, "Serbia": 1.4788258902417755, "Comoros": 0.0, "United Kingdom": 0.46674016855187206, "Congo": 0.01567260333791542, "Greece": 0.39330469089330683, "Sri Lanka": 0.28052787405731244, "Croatia": 0.4335636439254696, "Botswana": 0.12672393856712882}